Upload #,Evidence ID,Upload Time (ms),Retrieval Time (ms)
1,8,2731,17
1,9,2416,16
2,10,718,17
3,11,733,16
4,12,773,12
5,13,742,13
6,14,807,17
7,15,685,19
8,16,760,13
9,17,717,16
10,18,697,17
11,19,786,12
12,20,773,11
13,21,774,21
14,22,716,13
15,23,727,12
16,24,700,10
17,25,704,11
18,26,719,17
19,27,728,17
20,28,719,11
21,29,679,10
22,30,795,10
23,31,719,12
24,32,748,10
25,33,1366,11
26,34,789,15
27,35,789,11
28,36,756,34
29,37,764,17
30,38,723,10
31,39,741,15
32,40,714,10
33,41,737,14
34,42,703,17
35,43,737,9
36,44,767,11
37,45,754,11
38,46,702,10
39,47,743,12
40,48,785,10
41,49,708,11
42,50,705,9
43,51,729,10
44,52,692,10
45,53,683,10
46,54,713,12
47,55,697,13
48,56,730,11
49,57,674,11
50,58,664,11
51,59,719,11
52,60,795,9
53,61,764,12
54,62,786,10
55,63,793,12
56,64,910,9
57,65,798,15
58,66,772,9
59,67,758,11
60,68,724,11
61,69,955,11
62,70,919,10
63,71,862,10
64,72,713,9
65,73,761,10
66,74,716,11
67,75,733,16
68,76,725,11
69,77,721,11
70,78,724,9
71,79,679,10
72,80,672,11
73,81,738,10
74,82,691,22
75,83,695,20
76,84,738,10
77,85,720,10
78,86,715,15
79,87,877,15
80,88,775,14
81,89,749,12
82,90,689,14
83,91,683,11
84,92,696,9
85,93,687,10
86,94,719,10
87,95,693,10
88,96,886,10
89,97,707,11
90,98,732,10
91,99,789,9
92,100,682,10
93,101,715,9
94,102,732,10
95,103,723,11
96,104,684,10
97,105,707,16
98,106,666,8
99,107,704,11
1,108,3122,12
2,109,684,13
3,110,646,15
4,111,675,12
5,112,720,13
6,113,670,13
7,114,674,13
8,115,703,11
9,116,691,16
10,117,658,15
11,118,664,16
12,119,726,11
13,120,857,12
14,121,701,13
15,122,804,12
16,123,743,13
17,124,717,13
18,125,746,13
19,126,1234,12
20,127,647,12
21,128,689,14
22,129,833,15
23,130,734,17
24,131,687,12
25,132,720,13
26,133,712,11
27,134,739,13
28,135,727,11
29,136,699,16
30,137,707,12
31,138,776,13
32,139,709,13
33,140,744,28
34,141,774,14
35,142,700,12
36,143,739,13
37,144,710,24
38,145,766,11
39,146,667,11
40,147,2239,14
41,148,2496,14
42,149,1518,11
43,150,1330,13
44,151,1464,14
45,152,1281,13
46,153,1137,13
47,154,909,13
48,155,886,12
49,156,1517,13
50,157,973,13
51,158,958,12
52,159,880,17
53,160,885,16
54,161,694,12
55,162,676,13
56,163,667,12
57,164,787,16
58,165,668,13
59,166,1964,13
60,167,683,12
61,168,669,14
62,169,696,12
63,170,687,21
64,171,668,12
65,172,702,12
66,173,718,14
67,174,642,13
68,175,662,13
69,176,790,13
70,177,1251,13
71,178,715,21
72,179,632,11
73,180,650,13
74,181,649,15
75,182,666,13
76,183,649,12
77,184,654,14
78,185,669,12
79,186,707,13
80,187,701,12
81,188,743,14
82,189,779,12
83,190,764,12
84,191,711,12
85,192,793,12
86,193,724,35
87,194,725,11
88,195,689,13
89,196,829,13
90,197,737,12
91,198,824,13
92,199,825,13
93,200,789,12
94,201,708,13
95,202,682,12
96,203,687,13
97,204,698,12
98,205,716,11
99,206,731,13
100,207,710,13
101,208,665,12
102,209,827,13
103,210,649,13
104,211,1990,13
105,212,655,13
106,213,721,12
107,214,670,13
108,215,763,12
109,216,766,13
110,217,858,14
111,218,864,11
112,219,769,13
113,220,679,13
114,221,1037,13
115,222,789,11
116,223,745,13
117,224,746,13
118,225,736,12
119,226,715,13
120,227,782,12
121,228,765,13
122,229,752,14
123,230,752,13
124,231,769,13
125,232,720,13
126,233,789,12
127,234,872,12
128,235,780,13
129,236,756,13
130,237,787,12
131,238,732,13
132,239,1048,14
133,240,741,15
134,241,800,13
135,242,805,12
136,243,761,14
137,244,725,14
138,245,700,12
139,246,788,10
140,247,722,12
141,248,792,25
142,249,783,13
143,250,802,12
144,251,901,13
145,252,831,13
146,253,752,13
147,254,1306,13
148,255,865,13
149,256,771,12
150,257,745,12
151,258,826,13
152,259,730,13
153,260,815,13
154,261,741,14
155,262,774,13
156,263,746,12
157,264,721,13
158,265,750,14
159,266,843,13
160,267,724,14
161,268,740,12
162,269,769,12
163,270,692,13
164,271,755,11
165,272,787,12
166,273,725,12
167,274,819,10
168,275,734,11
169,276,723,13
170,277,823,15
171,278,676,12
172,279,2024,12
173,280,719,13
174,281,782,11
175,282,828,12
176,283,793,13
177,284,735,13
178,285,730,13
179,286,833,13
180,287,699,13
181,288,789,12
182,289,768,11
183,290,765,13
184,291,851,12
185,292,736,13
186,293,834,12
187,294,712,13
188,295,983,12
189,296,694,14
190,297,755,13
191,298,756,12
192,299,806,16
193,300,747,14
194,301,793,12
195,302,768,12
196,303,703,14
197,304,763,14
198,305,978,12
199,306,775,14
200,307,769,13
201,308,775,12
202,309,708,14
203,310,760,12
204,311,819,12
205,312,824,12
206,313,822,14
207,314,861,14
208,315,728,12
209,316,716,13
210,317,765,13
211,318,735,13
212,319,815,11
213,320,748,12
214,321,752,12
215,322,1029,12
216,323,717,14
217,324,737,12
218,325,717,12
219,326,715,13
220,327,706,12
221,328,746,15
222,329,1223,13
223,330,764,11
224,331,696,15
225,332,738,13
226,333,721,15
227,334,729,12
228,335,676,12
229,336,958,13
230,337,741,13
231,338,759,13
232,339,727,13
233,340,709,13
234,341,690,12
235,342,699,15
236,343,723,12
237,344,819,12
238,345,757,12
239,346,822,14
240,347,729,13
241,348,899,14
242,349,697,13
243,350,726,13
244,351,732,12
245,352,832,11
246,353,792,13
247,354,762,12
248,355,778,12
249,356,713,12
250,357,768,13
251,358,753,12
252,359,799,10
253,360,911,12
254,361,743,12
255,362,701,16
256,363,736,11
257,364,1026,15
258,365,750,12
259,366,815,11
260,367,700,13
261,368,856,13
262,369,818,12
263,370,756,12
264,371,850,12
265,372,757,13
266,373,737,12
267,374,752,13
268,375,808,12
269,376,859,14
270,377,720,12
271,378,857,12
272,379,830,15
273,380,760,16
274,381,684,14
275,382,760,11
276,383,750,13
277,384,702,13
278,385,710,13
279,386,696,13
280,387,744,17
281,388,770,15
282,389,771,12
283,390,760,13
284,391,761,14
285,392,769,11
286,393,680,12
287,394,816,13
288,395,740,10
289,396,779,12
290,397,771,12
291,398,736,13
292,399,727,14
293,400,717,13
294,401,707,13
295,402,753,13
296,403,877,14
297,404,761,11
298,405,737,12
299,406,1350,13
300,407,734,13
301,408,926,17
302,409,772,12
303,410,733,13
304,411,686,12
305,412,801,12
306,413,719,13
307,414,737,13
308,415,722,12
309,416,731,13
310,417,760,11
311,418,756,12
312,419,767,13
313,420,779,13
314,421,752,12
315,422,760,13
316,423,721,16
317,424,1875,13
318,425,771,12
319,426,737,12
320,427,760,12
321,428,758,12
322,429,1799,13
323,430,694,13
324,431,728,12
325,432,800,16
326,433,1808,13
327,434,816,11
328,435,719,13
329,436,907,17
330,437,751,12
331,438,1735,14
332,439,699,12
333,440,688,12
334,441,766,13
335,442,1109,13
336,443,749,15
337,444,1825,13
338,445,757,12
339,446,737,12
340,447,710,12
341,448,1736,12
342,449,872,15
343,450,759,14
344,451,753,14
345,452,692,16
346,453,1765,12
347,454,717,14
348,455,706,14
349,456,1726,13
350,457,760,13
351,458,728,14
352,459,758,13
353,460,767,13
354,461,1777,14
355,462,796,11
356,463,768,13
357,464,749,12
358,465,1751,14
359,466,664,13
360,467,670,13
361,468,679,13
362,469,1842,12
363,470,1272,12
364,471,686,14
365,472,736,13
366,473,709,58
367,474,672,11
368,475,1791,12
369,476,714,13
370,477,701,13
371,478,705,14
372,479,1804,11
373,480,686,13
374,481,709,11
375,482,1793,13
376,483,697,12
377,484,709,14
378,485,672,13
379,486,1739,13
380,487,687,13
381,488,676,13
382,489,693,14
383,490,1755,13
384,491,724,15
385,492,690,13
386,493,1702,12
387,494,694,13
388,495,708,13
389,496,686,12
390,497,1720,14
391,498,705,12
392,499,683,12
393,500,1792,12
394,501,999,58
395,502,967,11
396,503,738,13
397,504,722,13
398,505,806,13
399,506,808,12
400,507,1826,12
401,508,731,13
402,509,712,12
403,510,770,14
404,511,759,12
405,512,1822,13
406,513,755,13
407,514,712,13
408,515,701,14
409,516,1786,14
410,517,736,12
411,518,744,12
412,519,750,13
413,520,1737,14
414,521,741,12
415,522,760,12
416,523,714,12
417,524,1758,12
418,525,689,13
419,526,769,13
420,527,747,13
421,528,1783,57
422,529,701,14
423,530,745,14
424,531,1321,12
425,532,735,12
426,533,754,14
427,534,692,12
428,535,1750,14
429,536,724,13
430,537,735,14
431,538,751,13
432,539,1805,14
433,540,702,14
434,541,713,15
435,542,722,13
436,543,1810,14
437,544,718,12
438,545,825,12
439,546,729,14
440,547,1758,13
441,548,753,16
442,549,673,12
443,550,682,14
444,551,1832,14
445,552,877,13
446,553,685,14
447,554,780,12
448,555,700,61
449,556,2033,12
450,557,730,14
451,558,780,13
452,559,758,13
453,560,765,12
454,561,1980,13
455,562,863,13
456,563,763,12
457,564,703,15
458,565,753,12
459,566,724,15
460,567,1780,16
461,568,738,13
462,569,669,16
463,570,771,13
464,571,1758,14
465,572,735,12
466,573,724,12
467,574,701,13
468,575,1749,13
469,576,763,13
470,577,729,13
471,578,725,14
472,579,2023,14
473,580,728,13
474,581,1628,12
475,582,1553,58
476,583,832,10
477,584,739,12
478,585,735,12
479,586,825,14
480,587,772,12
481,588,731,15
482,589,726,12
483,590,801,13
484,591,705,12
485,592,2485,13
486,593,777,15
487,594,754,11
488,595,744,13
489,596,785,13
490,597,724,13
491,598,731,12
492,599,1745,13
493,600,738,13
494,601,732,13
495,602,780,14
496,603,771,14
497,604,1797,13
498,605,753,13
499,606,814,13
500,607,742,12
501,608,1811,14
502,609,772,56
503,610,756,10
504,611,755,14
505,612,733,14
506,613,1734,12
507,614,744,13
508,615,699,13
509,616,676,13
510,617,1763,13
511,618,732,13
512,619,723,14
513,620,768,13
514,621,2308,12
515,622,685,16
516,623,760,12
517,624,798,15
518,625,735,13
519,626,744,11
520,627,771,14
521,628,1749,11
522,629,743,15
523,630,748,13
524,631,748,12
525,632,1907,13
526,633,799,12
527,634,837,14
528,635,921,13
529,636,718,13
530,637,761,13
531,638,1820,56
532,639,898,12
533,640,703,14
534,641,735,14
535,642,800,11
536,643,1764,11
537,644,744,12
538,645,817,12
539,646,744,12
540,647,752,13
541,648,1931,14
542,649,721,13
543,650,858,12
544,651,750,12
545,652,741,13
546,653,2203,14
547,654,849,12
548,655,887,13
549,656,736,14
550,657,810,13
551,658,819,29
552,659,772,13
553,660,1724,14
554,661,742,12
555,662,745,13
556,663,676,13
557,664,772,13
558,665,1793,13
559,666,886,17
560,667,1078,13
561,668,2015,22
562,669,718,14
563,670,898,13
564,671,747,13
565,672,747,12
566,673,733,12
567,674,805,13
568,675,940,18
569,676,1988,12
570,677,716,10
571,678,749,13
572,679,768,13
573,680,786,14
574,681,645,13
575,682,1092,14
576,683,783,13
577,684,1794,14
578,685,861,18
579,686,727,12
580,687,741,13
581,688,718,13
582,689,1836,14
583,690,747,13
584,691,748,13
585,692,709,14
586,693,1760,13
587,694,713,14
588,695,856,17
589,696,918,50
590,697,5307,14
591,698,2775,12
592,699,1425,15
593,700,982,14
594,701,929,13
595,702,1334,14
596,703,885,13
597,704,922,16
598,705,733,13
599,706,755,10
600,707,782,14
601,708,695,14
602,709,1336,14
603,710,717,13
604,711,644,12
605,712,725,12
606,713,684,15
607,714,624,16
608,715,661,11
609,716,659,13
610,717,687,12
611,718,805,14
612,719,645,14
613,720,670,16
614,721,785,10
615,722,804,11
616,723,742,14
617,724,699,14
618,725,748,13
619,726,786,58
620,727,883,12
621,728,846,12
622,729,701,13
623,730,719,13
624,731,758,14
625,732,837,13
626,733,759,16
627,734,967,13
628,735,783,14
629,736,811,13
630,737,1731,13
631,738,859,15
632,739,791,13
633,740,726,13
634,741,751,14
635,742,1923,13
636,743,761,13
637,744,810,13
638,745,789,12
639,746,778,14
640,747,902,17
641,748,1946,13
642,749,811,12
643,750,749,12
644,751,855,15
645,752,763,13
646,753,808,13
647,754,1772,14
648,755,970,39
649,756,851,13
650,757,850,15
651,758,797,14
652,759,811,12
653,760,736,13
654,761,1918,14
655,762,834,13
656,763,862,15
657,764,812,13
658,765,733,13
659,766,783,14
660,767,1795,14
661,768,746,17
662,769,828,10
663,770,736,19
664,771,1847,12
665,772,713,14
666,773,737,13
667,774,689,13
668,775,1933,15
669,776,1880,12
670,777,1528,13
671,778,908,13
672,779,889,13
673,780,861,14
674,781,864,16
675,782,872,10
676,783,680,13
677,784,724,60
678,785,708,11
679,786,668,14
680,787,669,12
681,788,642,13
682,789,713,13
683,790,1748,31
684,791,733,16
685,792,728,16
686,793,737,13
687,794,1732,14
688,795,719,14
689,796,763,13
690,797,766,14
691,798,1890,13
692,799,782,20
693,800,750,13
694,801,749,14
695,802,770,11
696,803,1730,12
697,804,762,13
698,805,749,13
699,806,782,13
700,807,1880,14
701,808,740,13
702,809,782,11
703,810,765,14
704,811,736,13
705,812,1843,58
706,813,772,11
707,814,842,13
708,815,782,13
709,816,775,14
710,817,770,12
711,818,1782,14
712,819,847,13
713,820,738,13
714,821,718,13
715,822,1953,14
716,823,758,13
717,824,761,13
718,825,806,14
719,826,780,12
720,827,771,13
721,828,1821,12
722,829,732,12
723,830,762,12
724,831,720,12
725,832,1778,12
726,833,729,15
727,834,733,15
728,835,808,16
729,836,783,13
730,837,2439,14
731,838,785,13
732,839,767,13
733,840,735,13
734,841,741,59
735,842,787,11
736,843,781,12
737,844,770,12
738,845,1886,11
739,846,849,11
740,847,768,14
741,848,758,15
742,849,739,14
743,850,1845,13
744,851,1033,12
745,852,750,12
746,853,743,13
747,854,780,14
748,855,737,14
749,856,1824,17
750,857,763,13
751,858,766,14
752,859,798,14
753,860,783,18
754,861,1867,12
755,862,756,12
756,863,707,12
757,864,725,13
758,865,1904,13
759,866,758,10
760,867,759,12
761,868,836,13
762,869,750,13
763,870,838,64
764,871,1889,10
765,872,782,10
766,873,822,12
767,874,755,13
768,875,795,20
769,876,739,13
770,877,1796,13
771,878,822,13
772,879,743,12
773,880,716,12
774,881,1757,13
775,882,801,13
776,883,731,13
777,884,750,13
778,885,778,12
779,886,1811,13
780,887,1480,13
781,888,1643,15
782,889,908,11
783,890,901,14
784,891,932,12
785,892,909,13
786,893,900,12
787,894,705,17
788,895,705,13
789,896,750,10
790,897,679,13
791,898,675,13
792,899,891,70
793,900,1877,11
794,901,718,13
795,902,773,13
796,903,786,16
797,904,738,14
798,905,1833,12
799,906,778,14
800,907,770,13
801,908,731,13
802,909,716,13
803,910,1794,14
804,911,741,14
805,912,731,13
806,913,742,17
807,914,1828,12
808,915,747,13
809,916,812,12
810,917,739,12
811,918,741,13
812,919,1791,12
813,920,722,12
814,921,741,13
815,922,816,12
816,923,1806,13
817,924,745,13
818,925,701,13
819,926,799,14
820,927,789,51
821,928,1851,11
822,929,871,14
823,930,876,13
824,931,781,11
825,932,708,13
826,933,768,14
827,934,1752,18
828,935,743,13
829,936,830,15
830,937,873,11
831,938,744,13
832,939,1766,16
833,940,680,12
834,941,694,13
835,942,1911,16
836,943,734,13
837,944,750,12
838,945,863,13
839,946,722,10
840,947,828,15
841,948,1775,12
842,949,740,13
843,950,707,13
844,951,786,15
845,952,1812,13
846,953,733,12
847,954,782,13
848,955,704,13
849,956,756,56
850,957,1908,11
851,958,754,13
852,959,1137,11
853,960,746,14
854,961,718,12
855,962,766,14
856,963,1846,13
857,964,769,13
858,965,708,13
859,966,769,11
860,967,737,13
861,968,1832,16
862,969,735,10
863,970,711,13
864,971,712,13
865,972,1947,14
866,973,736,13
867,974,676,14
868,975,725,12
869,976,773,12
870,977,1743,12
871,978,733,13
872,979,723,13
873,980,730,12
874,981,2128,13
875,982,779,13
876,983,747,19
877,984,725,46
878,985,766,10
879,986,709,14
880,987,1896,15
881,988,752,12
882,989,730,17
883,990,735,10
884,991,1846,13
885,992,755,13
886,993,769,15
887,994,792,13
888,995,718,13
889,996,1818,14
890,997,780,12
891,998,776,13
892,999,822,14
893,1000,778,13
894,1001,1799,13
895,1002,924,12
896,1003,758,12
897,1004,711,14
898,1005,721,13
899,1006,1740,14
900,1007,757,13
901,1008,738,18
902,1009,724,16
903,1010,1890,14
904,1011,772,12
905,1012,738,13
906,1013,731,17
907,1014,765,11
908,1015,1781,14
909,1016,727,12
910,1017,734,17
911,1018,789,12
912,1019,2463,12
913,1020,892,13
914,1021,744,12
915,1022,795,12
916,1023,705,15
917,1024,702,14
918,1025,724,14
919,1026,764,12
920,1027,1824,21
921,1028,772,13
922,1029,861,12
923,1030,694,13
924,1031,722,12
925,1032,1783,15
926,1033,691,12
927,1034,705,12
928,1035,694,14
929,1036,1769,13
930,1037,681,14
931,1038,710,13
932,1039,1853,13
933,1040,747,10
934,1041,701,13
935,1042,918,24
936,1043,726,13
937,1044,1808,14
938,1045,723,14
939,1046,738,17
940,1047,1147,12
941,1048,731,12
942,1049,743,11
943,1050,1877,12
944,1051,716,10
945,1052,796,13
946,1053,803,14
947,1054,765,15
948,1055,889,12
949,1056,1789,12
950,1057,897,16
951,1058,781,12
952,1059,813,13
953,1060,762,12
954,1061,764,13
955,1062,1884,13
956,1063,764,13
957,1064,741,14
958,1065,784,14
959,1066,1831,12
960,1067,725,13
961,1068,783,13
962,1069,764,12
963,1070,755,12
964,1071,1823,58
965,1072,753,11
966,1073,727,12
967,1074,751,13
968,1075,707,13
969,1076,1879,13
970,1077,759,13
971,1078,800,13
972,1079,765,12
973,1080,845,12
974,1081,2378,14
975,1082,777,13
976,1083,827,13
977,1084,774,18
978,1085,746,13
979,1086,778,12
980,1087,760,15
981,1088,768,11
982,1089,1910,13
983,1090,768,11
984,1091,743,13
985,1092,773,12
986,1093,710,12
987,1094,1856,13
988,1095,725,13
989,1096,737,12
990,1097,780,13
991,1098,1775,11
992,1099,767,14
993,1100,722,59
994,1101,744,10
995,1102,1019,14
996,1103,732,15
997,1104,1892,13
998,1105,704,14
999,1106,713,13
1000,1107,679,13
1001,1108,2236,13
1002,1109,687,14
1003,1110,873,12
1004,1111,712,13
1005,1112,723,13
1006,1113,746,12
1007,1114,1915,13
1008,1115,703,13
1009,1116,697,13
1010,1117,2101,13
1011,1118,724,12
1012,1119,774,17
1013,1120,725,13
1014,1121,754,15
1015,1122,744,18
1016,1123,745,13
1017,1124,857,13
1018,1125,1861,10
1019,1126,758,12
1020,1127,806,12
1021,1128,744,15
1022,1129,779,60
1023,1130,1876,10
1024,1131,779,13
1025,1132,716,12
1026,1133,2183,13
1027,1134,721,11
1028,1135,787,15
1029,1136,795,12
1030,1137,777,15
1031,1138,826,12
1032,1139,797,9
1033,1140,859,13
1034,1141,788,11
1035,1142,810,13
1036,1143,2287,12
1037,1144,766,15
1038,1145,2178,13
1039,1146,787,19
1040,1147,798,13
1041,1148,774,15
1042,1149,732,12
1043,1150,737,14
1044,1151,750,13
1045,1152,762,13
1046,1153,727,13
1047,1154,749,13
1048,1155,1874,15
1049,1156,695,12
1050,1157,1211,16
1051,1158,754,59
1052,1159,767,11
1053,1160,723,14
1054,1161,711,14
1055,1162,1924,16
1056,1163,800,11
1057,1164,741,13
1058,1165,725,14
1059,1166,729,13
1060,1167,1767,12
1061,1168,807,12
1062,1169,752,13
1063,1170,787,13
1064,1171,1764,13
1065,1172,742,13
1066,1173,811,12
1067,1174,725,13
1068,1175,749,12
1069,1176,1896,12
1070,1177,780,12
1071,1178,796,11
1072,1179,740,11
1073,1180,807,13
1074,1181,1772,12
1075,1182,770,12
1076,1183,740,12
1077,1184,734,12
1078,1185,1798,13
1079,1186,814,12
1080,1187,722,52
1081,1188,816,11
1082,1189,731,16
1083,1190,769,12
1084,1191,1921,12
1085,1192,733,14
1086,1193,724,14
1087,1194,736,13
1088,1195,912,12
1089,1196,1726,10
1090,1197,749,12
1091,1198,850,15
1092,1199,765,13
1093,1200,805,17
1094,1201,1883,13
1095,1202,730,14
1096,1203,722,11
1097,1204,1337,13
1098,1205,760,11
1099,1206,713,14
1100,1207,714,14
1101,1208,1858,13
1102,1209,718,14
1103,1210,734,14
1104,1211,693,14
1105,1212,1907,13
1106,1213,760,13
1107,1214,776,14
1108,1215,742,13
1109,1216,811,60
1110,1217,1910,15
1111,1218,755,13
1112,1219,691,16
1113,1220,810,12
1114,1221,775,14
1115,1222,931,13
1116,1223,1852,13
1117,1224,715,13
1118,1225,766,18
1119,1226,814,11
1120,1227,730,12
1121,1228,1784,14
1122,1229,797,13
1123,1230,724,13
1124,1231,739,13
1125,1232,802,13
1126,1233,1854,11
1127,1234,810,14
1128,1235,722,13
1129,1236,776,21
1130,1237,749,13
1131,1238,1885,15
1132,1239,740,13
1133,1240,775,15
1134,1241,669,14
1135,1242,1899,13
1136,1243,1155,12
1137,1244,960,15
1138,1245,731,63
1139,1246,753,11
1140,1247,758,13
1141,1248,2093,13
1142,1249,791,12
1143,1250,763,14
1144,1251,797,12
1145,1252,784,14
1146,1253,752,11
1147,1254,806,13
1148,1255,717,18
1149,1256,1822,12
1150,1257,799,12
1151,1258,813,12
1152,1259,834,9
1153,1260,734,13
1154,1261,1809,11
1155,1262,812,13
1156,1263,806,10
1157,1264,862,12
1158,1265,1091,15
1159,1266,800,13
1160,1267,761,12
1161,1268,1834,12
1162,1269,757,13
1163,1270,807,12
1164,1271,757,12
1165,1272,843,13
1166,1273,808,12
1167,1274,1888,16
1168,1275,851,11
1169,1276,766,12
1170,1277,865,14
1171,1278,820,15
1172,1279,1189,10
1173,1280,831,12
1174,1281,803,13
1175,1282,1126,12
1176,1283,2212,14
1177,1284,740,14
1178,1285,694,11
1179,1286,980,14
1180,1287,849,11
1181,1288,921,12
1182,1289,772,13
1183,1290,770,14
1184,1291,762,12
1185,1292,1927,10
1186,1293,893,14
1187,1294,817,12
1188,1295,766,13
1189,1296,773,11
1190,1297,788,13
1191,1298,839,13
1192,1299,1972,16
1193,1300,868,12
1194,1301,837,14
1195,1302,849,19
1196,1303,887,57
1197,1304,888,10
1198,1305,816,14
1199,1306,851,11
1200,1307,1889,13
1201,1308,810,18
1202,1309,796,13
1203,1310,777,14
1204,1311,816,12
1205,1312,797,12
1206,1313,1857,14
1207,1314,717,14
1208,1315,2257,13
1209,1316,725,17
1210,1317,806,15
1211,1318,749,11
1212,1319,873,13
1213,1320,748,12
1214,1321,776,14
1215,1322,768,13
1216,1323,704,13
1217,1324,696,13
1218,1325,2126,13
1219,1326,770,14
1220,1327,804,13
1221,1328,785,11
1222,1329,874,13
1223,1330,862,13
1224,1331,819,58
1225,1332,1954,11
1226,1333,850,13
1227,1334,759,12
1228,1335,791,13
1229,1336,862,13
1230,1337,805,13
1231,1338,794,19
1232,1339,1777,13
1233,1340,821,10
1234,1341,797,13
1235,1342,840,11
1236,1343,789,13
1237,1344,1955,14
1238,1345,919,13
1239,1346,713,14
1240,1347,759,11
1241,1348,716,11
1242,1349,729,13
1243,1350,1883,12
1244,1351,802,12
1245,1352,893,13
1246,1353,803,12
1247,1354,760,13
1248,1355,784,14
1249,1356,1763,12
1250,1357,739,13
1251,1358,729,13
1252,1359,710,47
1253,1360,1808,10
1254,1361,727,12
1255,1362,842,13
1256,1363,860,13
1257,1364,757,13
1258,1365,1974,13
1259,1366,779,12
1260,1367,805,10
1261,1368,784,13
1262,1369,795,13
1263,1370,751,13
1264,1371,1793,13
1265,1372,756,12
1266,1373,845,11
1267,1374,824,15
1268,1375,782,13
1269,1376,1871,10
1270,1377,820,13
1271,1378,747,15
1272,1379,759,13
1273,1380,776,13
1274,1381,836,18
1275,1382,1839,13
1276,1383,828,13
1277,1384,727,14
1278,1385,905,13
1279,1386,1014,13
1280,1387,782,13
1281,1388,763,11
1282,1389,2081,11
1283,1390,824,13
1284,1391,768,11
1285,1392,1436,15
1286,1393,1574,10
1287,1394,736,14
1288,1395,765,13
1289,1396,796,12
1290,1397,849,14
1291,1398,776,11
1292,1399,851,13
1293,1400,842,12
1294,1401,807,14
1295,1402,920,13
1296,1403,959,12
1297,1404,2145,13
1298,1405,560,13
1299,1406,806,10
1300,1407,771,14
1301,1408,1013,13
1302,1409,912,14
1303,1410,817,12
1304,1411,830,12
1305,1412,1920,10
1306,1413,750,13
1307,1414,760,13
1308,1415,745,19
1309,1416,738,19
1310,1417,1861,46
1311,1418,843,12
1312,1419,758,10
1313,1420,849,14
1314,1421,834,12
1315,1422,818,13
1316,1423,965,13
1317,1424,1887,11
1318,1425,787,12
1319,1426,850,12
1320,1427,758,13
1321,1428,852,13
1322,1429,739,11
1323,1430,1800,12
1324,1431,811,13
1325,1432,832,12
1326,1433,790,13
1327,1434,753,13
1328,1435,791,22
1329,1436,1914,13
1330,1437,1555,13
1331,1438,1443,12
1332,1439,793,11
1333,1440,805,12
1334,1441,777,13
1335,1442,723,12
1336,1443,776,12
1337,1444,750,16
1338,1445,759,58
1339,1446,807,11
1340,1447,1212,13
1341,1448,835,11
1342,1449,807,13
1343,1450,866,14
1344,1451,1951,14
1345,1452,779,13
1346,1453,810,12
1347,1454,737,13
1348,1455,819,12
1349,1456,817,12
1350,1457,1838,13
1351,1458,751,13
1352,1459,765,13
1353,1460,819,13
1354,1461,844,12
1355,1462,1866,13
1356,1463,802,11
1357,1464,770,13
1358,1465,773,12
1359,1466,753,11
1360,1467,1748,11
1361,1468,755,12
1362,1469,790,13
1363,1470,760,16
1364,1471,764,12
1365,1472,1911,59
1366,1473,828,16
1367,1474,741,11
1368,1475,740,13
1369,1476,787,12
1370,1477,1824,11
1371,1478,728,12
1372,1479,857,13
1373,1480,919,12
1374,1481,740,12
1375,1482,783,13
1376,1483,1940,13
1377,1484,775,14
1378,1485,983,13
1379,1486,729,12
1380,1487,893,14
1381,1488,763,13
1382,1489,749,11
1383,1490,1978,11
1384,1491,772,12
1385,1492,849,14
1386,1493,778,11
1387,1494,766,13
1388,1495,793,12
1389,1496,1873,12
1390,1497,765,21
1391,1498,834,14
1392,1499,720,11
1393,1500,862,13
1394,1501,1855,57
1395,1502,851,14
1396,1503,797,11
1397,1504,738,13
1398,1505,817,13
1399,1506,790,14
1400,1507,2338,10
1401,1508,803,13
1402,1509,811,13
1403,1510,843,14
1404,1511,843,18
1405,1512,782,11
1406,1513,844,14
1407,1514,774,13
1408,1515,895,13
1409,1516,1772,15
1410,1517,2589,9
1411,1518,725,13
1412,1519,825,12
1413,1520,906,12
1414,1521,977,12
1415,1522,793,12
1416,1523,820,13
1417,1524,901,13
1418,1525,789,13
1419,1526,830,12
1420,1527,784,12
1421,1528,930,13
1422,1529,774,44
1423,1530,867,11
1424,1531,742,14
1425,1532,824,13
1426,1533,808,10
1427,1534,1801,13
1428,1535,744,12
1429,1536,797,18
1430,1537,716,12
1431,1538,757,13
1432,1539,1847,12
1433,1540,927,13
1434,1541,802,13
1435,1542,842,16
1436,1543,982,12
1437,1544,762,13
1438,1545,828,13
1439,1546,1813,14
1440,1547,837,12
1441,1548,803,12
1442,1549,829,20
1443,1550,827,11
1444,1551,797,12
1445,1552,1752,18
1446,1553,932,10
1447,1554,766,14
1448,1555,779,14
1449,1556,1268,13
1450,1557,2242,12
1451,1558,663,64
1452,1559,769,11
1453,1560,736,18
1454,1561,717,13
1455,1562,726,12
1456,1563,736,13
1457,1564,754,13
1458,1565,1963,12
1459,1566,792,12
1460,1567,744,12
1461,1568,724,15
1462,1569,1239,12
1463,1570,731,12
1464,1571,745,12
1465,1572,1777,10
1466,1573,748,12
1467,1574,736,12
1468,1575,703,13
1469,1576,1887,16
1470,1577,735,14
1471,1578,737,13
1472,1579,779,15
1473,1580,850,16
1474,1581,757,12
1475,1582,2012,12
1476,1583,838,12
1477,1584,748,14
1478,1585,894,13
1479,1586,799,14
1480,1587,810,19
1481,1588,1870,20
1482,1589,899,9
1483,1590,802,13
1484,1591,758,12
1485,1592,794,12
1486,1593,766,10
1487,1594,866,17
1488,1595,1811,12
1489,1596,841,16
1490,1597,895,11
1491,1598,826,13
1492,1599,796,14
1493,1600,852,13
1494,1601,894,13
1495,1602,1893,12
1496,1603,859,11
1497,1604,835,13
1498,1605,892,12
1499,1606,777,18
1500,1607,858,13
1501,1608,802,12
1502,1609,1860,14
1503,1610,889,18
1504,1611,806,12
1505,1612,863,15
1506,1613,804,16
1507,1614,765,14
1508,1615,903,14
1509,1616,1949,13
1510,1617,938,13
1511,1618,881,10
1512,1619,822,12
1513,1620,780,10
1514,1621,794,12
1515,1622,842,13
1516,1623,1786,14
1517,1624,788,15
1518,1625,772,15
1519,1626,777,13
1520,1627,761,18
1521,1628,1913,13
1522,1629,1320,14
1523,1630,806,12
1524,1631,827,13
1525,1632,725,13
1526,1633,760,13
1527,1634,936,12
1528,1635,805,12
1529,1636,838,12
1530,1637,1886,14
1531,1638,744,12
1532,1639,758,13
1533,1640,741,13
1534,1641,790,14
1535,1642,899,11
1536,1643,1934,18
1537,1644,792,18
1538,1645,736,13
1539,1646,818,12
1540,1647,799,11
1541,1648,1783,14
1542,1649,875,10
1543,1650,801,14
1544,1651,880,13
1545,1652,900,17
1546,1653,781,13
1547,1654,838,11
1548,1655,895,12
1549,1656,1880,13
1550,1657,841,13
1551,1658,856,13
1552,1659,759,11
1553,1660,783,13
1554,1661,802,13
1555,1662,1854,12
1556,1663,835,15
1557,1664,951,12
1558,1665,806,12
1559,1666,736,13
1560,1667,804,12
1561,1668,1853,12
1562,1669,924,13
1563,1670,756,16
1564,1671,754,13
1565,1672,841,13
1566,1673,734,13
1567,1674,1757,13
1568,1675,962,13
1569,1676,837,12
1570,1677,2041,12
1571,1678,673,14
1572,1679,783,18
1573,1680,753,13
1574,1681,761,11
1575,1682,715,15
1576,1683,775,11
1577,1684,748,13
1578,1685,1761,15
1579,1686,745,13
1580,1687,778,9
1581,1688,791,12
1582,1689,1860,12
1583,1690,1445,14
1584,1691,780,19
1585,1692,751,14
1586,1693,825,13
1587,1694,906,13
1588,1695,754,13
1589,1696,937,11
1590,1697,712,14
1591,1698,893,13
1592,1699,1770,14
1593,1700,881,14
1594,1701,761,13
1595,1702,860,13
1596,1703,835,13
1597,1704,783,12
1598,1705,868,59
1599,1706,1811,12
1600,1707,790,13
1601,1708,763,13
1602,1709,797,11
1603,1710,749,14
1604,1711,1831,14
1605,1712,2637,18
1606,1713,823,9
1607,1714,884,14
1608,1715,871,13
1609,1716,867,13
1610,1717,775,13
1611,1718,762,12
1612,1719,992,14
1613,1720,789,14
1614,1721,845,13
1615,1722,791,14
1616,1723,908,11
1617,1724,800,18
1618,1725,881,14
1619,1726,954,13
1620,1727,837,14
1621,1728,720,12
1622,1729,749,14
1623,1730,1795,14
1624,1731,801,14
1625,1732,867,13
1626,1733,804,14
1627,1734,763,59
1628,1735,1816,10
1629,1736,855,12
1630,1737,762,12
1631,1738,929,15
1632,1739,813,13
1633,1740,717,12
1634,1741,1817,12
1635,1742,2112,15
1636,1743,749,13
1637,1744,724,15
1638,1745,752,14
1639,1746,728,14
1640,1747,722,10
1641,1748,869,14
1642,1749,747,13
1643,1750,787,11
1644,1751,721,13
1645,1752,2498,13
1646,1753,781,12
1647,1754,777,14
1648,1755,764,13
1649,1756,803,15
1650,1757,749,14
1651,1758,751,13
1652,1759,1822,13
1653,1760,749,13
1654,1761,752,9
1655,1762,828,19
1656,1763,730,17
1657,1764,1850,26
1658,1765,767,13
1659,1766,759,13
1660,1767,766,16
1661,1768,819,12
1662,1769,1771,12
1663,1770,778,13
1664,1771,730,14
1665,1772,721,13
1666,1773,698,14
1667,1774,1832,13
1668,1775,708,18
1669,1776,760,13
1670,1777,715,13
1671,1778,1813,12
1672,1779,857,12
1673,1780,932,11
1674,1781,747,13
1675,1782,711,13
1676,1783,855,11
1677,1784,1893,12
1678,1785,766,13
1679,1786,708,22
1680,1787,751,10
1681,1788,1843,16
1682,1789,788,13
1683,1790,735,13
1684,1791,786,14
1685,1792,823,12
1686,1793,761,14
1687,1794,1808,57
1688,1795,745,12
1689,1796,748,12
1690,1797,766,10
1691,1798,1820,12
1692,1799,741,12
1693,1800,751,12
1694,1801,744,12
1695,1802,730,10
1696,1803,1820,10
1697,1804,753,17
1698,1805,821,15
1699,1806,756,13
1700,1807,715,13
1701,1808,1778,12
1702,1809,741,12
1703,1810,749,13
1704,1811,719,12
1705,1812,1828,11
1706,1813,1172,12
1707,1814,893,11
1708,1815,691,15
1709,1816,721,16
1710,1817,719,17
1711,1818,1829,14
1712,1819,915,12
1713,1820,683,15
1714,1821,690,12
1715,1822,875,59
1716,1823,1878,10
1717,1824,888,16
1718,1825,716,13
1719,1826,874,13
1720,1827,703,13
1721,1828,717,12
1722,1829,1772,14
1723,1830,751,11
1724,1831,720,13
1725,1832,710,11
1726,1833,1720,18
1727,1834,744,13
1728,1835,701,13
1729,1836,738,12
1730,1837,2025,9
1731,1838,706,15
1732,1839,697,13
1733,1840,725,9
1734,1841,720,13
1735,1842,1935,13
1736,1843,689,14
1737,1844,866,12
1738,1845,716,13
1739,1846,913,15
1740,1847,1802,13
1741,1848,688,13
1742,1849,705,11
1743,1850,686,12
1744,1851,1773,13
1745,1852,675,13
1746,1853,740,12
1747,1854,694,14
1748,1855,1776,12
1749,1856,697,13
1750,1857,673,12
1751,1858,1827,12
1752,1859,807,10
1753,1860,867,11
1754,1861,734,13
1755,1862,747,15
1756,1863,1778,11
1757,1864,767,11
1758,1865,703,11
1759,1866,771,13
1760,1867,773,14
1761,1868,1838,13
1762,1869,768,17
1763,1870,800,11
1764,1871,745,14
1765,1872,837,17
1766,1873,1814,18
1767,1874,1128,12
1768,1875,730,12
1769,1876,826,14
1770,1877,741,14
1771,1878,873,12
1772,1879,772,13
1773,1880,820,13
